[
{
    "fields": {
        "model": "logentry",
        "app_label": "admin"
    },
    "model": "contenttypes.contenttype",
    "pk": 1
},
{
    "fields": {
        "model": "permission",
        "app_label": "auth"
    },
    "model": "contenttypes.contenttype",
    "pk": 2
},
{
    "fields": {
        "model": "group",
        "app_label": "auth"
    },
    "model": "contenttypes.contenttype",
    "pk": 3
},
{
    "fields": {
        "model": "user",
        "app_label": "auth"
    },
    "model": "contenttypes.contenttype",
    "pk": 4
},
{
    "fields": {
        "model": "contenttype",
        "app_label": "contenttypes"
    },
    "model": "contenttypes.contenttype",
    "pk": 5
},
{
    "fields": {
        "model": "session",
        "app_label": "sessions"
    },
    "model": "contenttypes.contenttype",
    "pk": 6
},
{
    "fields": {
        "model": "usersocialauth",
        "app_label": "default"
    },
    "model": "contenttypes.contenttype",
    "pk": 7
},
{
    "fields": {
        "model": "nonce",
        "app_label": "default"
    },
    "model": "contenttypes.contenttype",
    "pk": 8
},
{
    "fields": {
        "model": "association",
        "app_label": "default"
    },
    "model": "contenttypes.contenttype",
    "pk": 9
},
{
    "fields": {
        "model": "code",
        "app_label": "default"
    },
    "model": "contenttypes.contenttype",
    "pk": 10
},
{
    "fields": {
        "model": "project",
        "app_label": "core"
    },
    "model": "contenttypes.contenttype",
    "pk": 11
},
{
    "fields": {
        "model": "bookmarkedproject",
        "app_label": "core"
    },
    "model": "contenttypes.contenttype",
    "pk": 12
},
{
    "fields": {
        "model": "author",
        "app_label": "core"
    },
    "model": "contenttypes.contenttype",
    "pk": 13
},
{
    "fields": {
        "model": "analysis",
        "app_label": "core"
    },
    "model": "contenttypes.contenttype",
    "pk": 14
},
{
    "fields": {
        "model": "dataset",
        "app_label": "core"
    },
    "model": "contenttypes.contenttype",
    "pk": 15
},
{
    "fields": {
        "model": "datatable",
        "app_label": "core"
    },
    "model": "contenttypes.contenttype",
    "pk": 16
},
{
    "fields": {
        "model": "datatablecolumn",
        "app_label": "core"
    },
    "model": "contenttypes.contenttype",
    "pk": 17
},
{
    "fields": {
        "model": "miracleuser",
        "app_label": "core"
    },
    "model": "contenttypes.contenttype",
    "pk": 18
},
{
    "fields": {
        "codename": "add_logentry",
        "name": "Can add log entry",
        "content_type": 1
    },
    "model": "auth.permission",
    "pk": 1
},
{
    "fields": {
        "codename": "change_logentry",
        "name": "Can change log entry",
        "content_type": 1
    },
    "model": "auth.permission",
    "pk": 2
},
{
    "fields": {
        "codename": "delete_logentry",
        "name": "Can delete log entry",
        "content_type": 1
    },
    "model": "auth.permission",
    "pk": 3
},
{
    "fields": {
        "codename": "add_permission",
        "name": "Can add permission",
        "content_type": 2
    },
    "model": "auth.permission",
    "pk": 4
},
{
    "fields": {
        "codename": "change_permission",
        "name": "Can change permission",
        "content_type": 2
    },
    "model": "auth.permission",
    "pk": 5
},
{
    "fields": {
        "codename": "delete_permission",
        "name": "Can delete permission",
        "content_type": 2
    },
    "model": "auth.permission",
    "pk": 6
},
{
    "fields": {
        "codename": "add_group",
        "name": "Can add group",
        "content_type": 3
    },
    "model": "auth.permission",
    "pk": 7
},
{
    "fields": {
        "codename": "change_group",
        "name": "Can change group",
        "content_type": 3
    },
    "model": "auth.permission",
    "pk": 8
},
{
    "fields": {
        "codename": "delete_group",
        "name": "Can delete group",
        "content_type": 3
    },
    "model": "auth.permission",
    "pk": 9
},
{
    "fields": {
        "codename": "add_user",
        "name": "Can add user",
        "content_type": 4
    },
    "model": "auth.permission",
    "pk": 10
},
{
    "fields": {
        "codename": "change_user",
        "name": "Can change user",
        "content_type": 4
    },
    "model": "auth.permission",
    "pk": 11
},
{
    "fields": {
        "codename": "delete_user",
        "name": "Can delete user",
        "content_type": 4
    },
    "model": "auth.permission",
    "pk": 12
},
{
    "fields": {
        "codename": "add_contenttype",
        "name": "Can add content type",
        "content_type": 5
    },
    "model": "auth.permission",
    "pk": 13
},
{
    "fields": {
        "codename": "change_contenttype",
        "name": "Can change content type",
        "content_type": 5
    },
    "model": "auth.permission",
    "pk": 14
},
{
    "fields": {
        "codename": "delete_contenttype",
        "name": "Can delete content type",
        "content_type": 5
    },
    "model": "auth.permission",
    "pk": 15
},
{
    "fields": {
        "codename": "add_session",
        "name": "Can add session",
        "content_type": 6
    },
    "model": "auth.permission",
    "pk": 16
},
{
    "fields": {
        "codename": "change_session",
        "name": "Can change session",
        "content_type": 6
    },
    "model": "auth.permission",
    "pk": 17
},
{
    "fields": {
        "codename": "delete_session",
        "name": "Can delete session",
        "content_type": 6
    },
    "model": "auth.permission",
    "pk": 18
},
{
    "fields": {
        "codename": "add_usersocialauth",
        "name": "Can add user social auth",
        "content_type": 7
    },
    "model": "auth.permission",
    "pk": 19
},
{
    "fields": {
        "codename": "change_usersocialauth",
        "name": "Can change user social auth",
        "content_type": 7
    },
    "model": "auth.permission",
    "pk": 20
},
{
    "fields": {
        "codename": "delete_usersocialauth",
        "name": "Can delete user social auth",
        "content_type": 7
    },
    "model": "auth.permission",
    "pk": 21
},
{
    "fields": {
        "codename": "add_nonce",
        "name": "Can add nonce",
        "content_type": 8
    },
    "model": "auth.permission",
    "pk": 22
},
{
    "fields": {
        "codename": "change_nonce",
        "name": "Can change nonce",
        "content_type": 8
    },
    "model": "auth.permission",
    "pk": 23
},
{
    "fields": {
        "codename": "delete_nonce",
        "name": "Can delete nonce",
        "content_type": 8
    },
    "model": "auth.permission",
    "pk": 24
},
{
    "fields": {
        "codename": "add_association",
        "name": "Can add association",
        "content_type": 9
    },
    "model": "auth.permission",
    "pk": 25
},
{
    "fields": {
        "codename": "change_association",
        "name": "Can change association",
        "content_type": 9
    },
    "model": "auth.permission",
    "pk": 26
},
{
    "fields": {
        "codename": "delete_association",
        "name": "Can delete association",
        "content_type": 9
    },
    "model": "auth.permission",
    "pk": 27
},
{
    "fields": {
        "codename": "add_code",
        "name": "Can add code",
        "content_type": 10
    },
    "model": "auth.permission",
    "pk": 28
},
{
    "fields": {
        "codename": "change_code",
        "name": "Can change code",
        "content_type": 10
    },
    "model": "auth.permission",
    "pk": 29
},
{
    "fields": {
        "codename": "delete_code",
        "name": "Can delete code",
        "content_type": 10
    },
    "model": "auth.permission",
    "pk": 30
},
{
    "fields": {
        "codename": "add_project",
        "name": "Can add project",
        "content_type": 11
    },
    "model": "auth.permission",
    "pk": 31
},
{
    "fields": {
        "codename": "change_project",
        "name": "Can change project",
        "content_type": 11
    },
    "model": "auth.permission",
    "pk": 32
},
{
    "fields": {
        "codename": "delete_project",
        "name": "Can delete project",
        "content_type": 11
    },
    "model": "auth.permission",
    "pk": 33
},
{
    "fields": {
        "codename": "view_project",
        "name": "Can view this project",
        "content_type": 11
    },
    "model": "auth.permission",
    "pk": 34
},
{
    "fields": {
        "codename": "edit_project",
        "name": "Can edit this project",
        "content_type": 11
    },
    "model": "auth.permission",
    "pk": 35
},
{
    "fields": {
        "codename": "admin_project",
        "name": "Full admin over this project",
        "content_type": 11
    },
    "model": "auth.permission",
    "pk": 36
},
{
    "fields": {
        "codename": "create_projects",
        "name": "Can create projects",
        "content_type": 11
    },
    "model": "auth.permission",
    "pk": 37
},
{
    "fields": {
        "codename": "add_bookmarkedproject",
        "name": "Can add bookmarked project",
        "content_type": 12
    },
    "model": "auth.permission",
    "pk": 38
},
{
    "fields": {
        "codename": "change_bookmarkedproject",
        "name": "Can change bookmarked project",
        "content_type": 12
    },
    "model": "auth.permission",
    "pk": 39
},
{
    "fields": {
        "codename": "delete_bookmarkedproject",
        "name": "Can delete bookmarked project",
        "content_type": 12
    },
    "model": "auth.permission",
    "pk": 40
},
{
    "fields": {
        "codename": "add_author",
        "name": "Can add author",
        "content_type": 13
    },
    "model": "auth.permission",
    "pk": 41
},
{
    "fields": {
        "codename": "change_author",
        "name": "Can change author",
        "content_type": 13
    },
    "model": "auth.permission",
    "pk": 42
},
{
    "fields": {
        "codename": "delete_author",
        "name": "Can delete author",
        "content_type": 13
    },
    "model": "auth.permission",
    "pk": 43
},
{
    "fields": {
        "codename": "add_analysis",
        "name": "Can add analysis",
        "content_type": 14
    },
    "model": "auth.permission",
    "pk": 44
},
{
    "fields": {
        "codename": "change_analysis",
        "name": "Can change analysis",
        "content_type": 14
    },
    "model": "auth.permission",
    "pk": 45
},
{
    "fields": {
        "codename": "delete_analysis",
        "name": "Can delete analysis",
        "content_type": 14
    },
    "model": "auth.permission",
    "pk": 46
},
{
    "fields": {
        "codename": "add_dataset",
        "name": "Can add dataset",
        "content_type": 15
    },
    "model": "auth.permission",
    "pk": 47
},
{
    "fields": {
        "codename": "change_dataset",
        "name": "Can change dataset",
        "content_type": 15
    },
    "model": "auth.permission",
    "pk": 48
},
{
    "fields": {
        "codename": "delete_dataset",
        "name": "Can delete dataset",
        "content_type": 15
    },
    "model": "auth.permission",
    "pk": 49
},
{
    "fields": {
        "codename": "add_datatable",
        "name": "Can add data table",
        "content_type": 16
    },
    "model": "auth.permission",
    "pk": 50
},
{
    "fields": {
        "codename": "change_datatable",
        "name": "Can change data table",
        "content_type": 16
    },
    "model": "auth.permission",
    "pk": 51
},
{
    "fields": {
        "codename": "delete_datatable",
        "name": "Can delete data table",
        "content_type": 16
    },
    "model": "auth.permission",
    "pk": 52
},
{
    "fields": {
        "codename": "add_datatablecolumn",
        "name": "Can add data table column",
        "content_type": 17
    },
    "model": "auth.permission",
    "pk": 53
},
{
    "fields": {
        "codename": "change_datatablecolumn",
        "name": "Can change data table column",
        "content_type": 17
    },
    "model": "auth.permission",
    "pk": 54
},
{
    "fields": {
        "codename": "delete_datatablecolumn",
        "name": "Can delete data table column",
        "content_type": 17
    },
    "model": "auth.permission",
    "pk": 55
},
{
    "fields": {
        "codename": "add_miracleuser",
        "name": "Can add miracle user",
        "content_type": 18
    },
    "model": "auth.permission",
    "pk": 56
},
{
    "fields": {
        "codename": "change_miracleuser",
        "name": "Can change miracle user",
        "content_type": 18
    },
    "model": "auth.permission",
    "pk": 57
},
{
    "fields": {
        "codename": "delete_miracleuser",
        "name": "Can delete miracle user",
        "content_type": 18
    },
    "model": "auth.permission",
    "pk": 58
},
{
    "fields": {
        "name": "Test Project 0 Group #1",
        "permissions": []
    },
    "model": "auth.group",
    "pk": 1
},
{
    "fields": {
        "name": "Test Project 1 Group #2",
        "permissions": []
    },
    "model": "auth.group",
    "pk": 2
},
{
    "fields": {
        "name": "Test Project 2 Group #3",
        "permissions": []
    },
    "model": "auth.group",
    "pk": 3
},
{
    "fields": {
        "name": "Test Project 3 Group #4",
        "permissions": []
    },
    "model": "auth.group",
    "pk": 4
},
{
    "fields": {
        "name": "Test Project 4 Group #5",
        "permissions": []
    },
    "model": "auth.group",
    "pk": 5
},
{
    "fields": {
        "name": "Test Project 5 Group #6",
        "permissions": []
    },
    "model": "auth.group",
    "pk": 6
},
{
    "fields": {
        "name": "Test Project 6 Group #7",
        "permissions": []
    },
    "model": "auth.group",
    "pk": 7
},
{
    "fields": {
        "name": "Test Project 7 Group #8",
        "permissions": []
    },
    "model": "auth.group",
    "pk": 8
},
{
    "fields": {
        "name": "Test Project 8 Group #9",
        "permissions": []
    },
    "model": "auth.group",
    "pk": 9
},
{
    "fields": {
        "name": "Test Project 9 Group #10",
        "permissions": []
    },
    "model": "auth.group",
    "pk": 10
},
{
    "fields": {
        "name": "Test Project 10 Group #11",
        "permissions": []
    },
    "model": "auth.group",
    "pk": 11
},
{
    "fields": {
        "name": "Test Project 11 Group #12",
        "permissions": []
    },
    "model": "auth.group",
    "pk": 12
},
{
    "fields": {
        "name": "Test Project 12 Group #13",
        "permissions": []
    },
    "model": "auth.group",
    "pk": 13
},
{
    "fields": {
        "name": "Test Project 13 Group #14",
        "permissions": []
    },
    "model": "auth.group",
    "pk": 14
},
{
    "fields": {
        "name": "Test Project 14 Group #15",
        "permissions": []
    },
    "model": "auth.group",
    "pk": 15
},
{
    "fields": {
        "username": "testuser0",
        "first_name": "Test",
        "last_name": "0",
        "is_active": true,
        "is_superuser": false,
        "is_staff": false,
        "last_login": null,
        "groups": [
            1
        ],
        "user_permissions": [],
        "password": "pbkdf2_sha256$20000$9veHnrlqFEzh$EQaCffLYNtRhY3ns/DPde5j9Rlf1aHSi7S7maee8jJU=",
        "email": "testuser0@mailinator.com",
        "date_joined": "2015-06-16T21:53:09.825Z"
    },
    "model": "auth.user",
    "pk": 1
},
{
    "fields": {
        "username": "testuser1",
        "first_name": "Test",
        "last_name": "1",
        "is_active": true,
        "is_superuser": false,
        "is_staff": false,
        "last_login": null,
        "groups": [
            2
        ],
        "user_permissions": [],
        "password": "pbkdf2_sha256$20000$7JEDm2hKQgOf$g7k7nxKsOuY7gtz+pT69mtRwQtM6hESLUbU2BKpLXpI=",
        "email": "testuser1@mailinator.com",
        "date_joined": "2015-06-16T21:53:09.904Z"
    },
    "model": "auth.user",
    "pk": 2
},
{
    "fields": {
        "username": "testuser2",
        "first_name": "Test",
        "last_name": "2",
        "is_active": true,
        "is_superuser": false,
        "is_staff": false,
        "last_login": null,
        "groups": [
            3
        ],
        "user_permissions": [],
        "password": "pbkdf2_sha256$20000$kwbUGcEzNYrZ$//9beMQz3Lr+VI/m8FcLFAaZnwepbM1vxtx7DqwzAhQ=",
        "email": "testuser2@mailinator.com",
        "date_joined": "2015-06-16T21:53:09.962Z"
    },
    "model": "auth.user",
    "pk": 3
},
{
    "fields": {
        "username": "testuser3",
        "first_name": "Test",
        "last_name": "3",
        "is_active": true,
        "is_superuser": false,
        "is_staff": false,
        "last_login": null,
        "groups": [
            4
        ],
        "user_permissions": [],
        "password": "pbkdf2_sha256$20000$V5crxOPqIKmm$aDRa/oSWVu1fgg324AARSAYrH9gmsBJ23+MtKBmyoAw=",
        "email": "testuser3@mailinator.com",
        "date_joined": "2015-06-16T21:53:10.037Z"
    },
    "model": "auth.user",
    "pk": 4
},
{
    "fields": {
        "username": "testuser4",
        "first_name": "Test",
        "last_name": "4",
        "is_active": true,
        "is_superuser": false,
        "is_staff": false,
        "last_login": null,
        "groups": [
            5
        ],
        "user_permissions": [],
        "password": "pbkdf2_sha256$20000$4i7UHFQeeBNT$XHyFqukbm2SUGIiDXDBHYuHjokwDpeX7dtpxY6Jdllo=",
        "email": "testuser4@mailinator.com",
        "date_joined": "2015-06-16T21:53:10.062Z"
    },
    "model": "auth.user",
    "pk": 5
},
{
    "fields": {
        "username": "testuser5",
        "first_name": "Test",
        "last_name": "5",
        "is_active": true,
        "is_superuser": false,
        "is_staff": false,
        "last_login": null,
        "groups": [
            6
        ],
        "user_permissions": [],
        "password": "pbkdf2_sha256$20000$KOB2a6PxDDOx$rhnXd8LbwyIlOz9SVoOn8Ejbsx9XXjgS9PVLUS9y7gY=",
        "email": "testuser5@mailinator.com",
        "date_joined": "2015-06-16T21:53:10.095Z"
    },
    "model": "auth.user",
    "pk": 6
},
{
    "fields": {
        "username": "testuser6",
        "first_name": "Test",
        "last_name": "6",
        "is_active": true,
        "is_superuser": false,
        "is_staff": false,
        "last_login": null,
        "groups": [
            7
        ],
        "user_permissions": [],
        "password": "pbkdf2_sha256$20000$Fy7II1eb5Hjz$WmILYLzclu5Vxo+hYn3+u0cV5PR8luFrTwW5/TaQ4AI=",
        "email": "testuser6@mailinator.com",
        "date_joined": "2015-06-16T21:53:10.129Z"
    },
    "model": "auth.user",
    "pk": 7
},
{
    "fields": {
        "username": "testuser7",
        "first_name": "Test",
        "last_name": "7",
        "is_active": true,
        "is_superuser": false,
        "is_staff": false,
        "last_login": null,
        "groups": [
            8
        ],
        "user_permissions": [],
        "password": "pbkdf2_sha256$20000$URxo8edUfcBZ$Hu2DkJDMEPdwSAe1MlzjFlclc/2obhD2cnn4yBLhQOM=",
        "email": "testuser7@mailinator.com",
        "date_joined": "2015-06-16T21:53:10.162Z"
    },
    "model": "auth.user",
    "pk": 8
},
{
    "fields": {
        "username": "testuser8",
        "first_name": "Test",
        "last_name": "8",
        "is_active": true,
        "is_superuser": false,
        "is_staff": false,
        "last_login": null,
        "groups": [
            9
        ],
        "user_permissions": [],
        "password": "pbkdf2_sha256$20000$1CPmsR4PUIcR$zEN852ODYten5RLZgln6Jbql76C/cIUM1PxOxmMxRxc=",
        "email": "testuser8@mailinator.com",
        "date_joined": "2015-06-16T21:53:10.187Z"
    },
    "model": "auth.user",
    "pk": 9
},
{
    "fields": {
        "username": "testuser9",
        "first_name": "Test",
        "last_name": "9",
        "is_active": true,
        "is_superuser": false,
        "is_staff": false,
        "last_login": null,
        "groups": [
            10
        ],
        "user_permissions": [],
        "password": "pbkdf2_sha256$20000$dQvAYzF7gm0B$WEp//4FNfEmpIeNz33qzHbx4V9VzdeHN1cRxiDHrYr0=",
        "email": "testuser9@mailinator.com",
        "date_joined": "2015-06-16T21:53:10.220Z"
    },
    "model": "auth.user",
    "pk": 10
},
{
    "fields": {
        "username": "testuser10",
        "first_name": "Test",
        "last_name": "10",
        "is_active": true,
        "is_superuser": false,
        "is_staff": false,
        "last_login": null,
        "groups": [
            11
        ],
        "user_permissions": [],
        "password": "pbkdf2_sha256$20000$3kXzEwzQaVJe$mc8Fwz2c7Ypc1H9IJs13MTmucRAhezsCspUv8ezBPCI=",
        "email": "testuser10@mailinator.com",
        "date_joined": "2015-06-16T21:53:10.254Z"
    },
    "model": "auth.user",
    "pk": 11
},
{
    "fields": {
        "username": "testuser11",
        "first_name": "Test",
        "last_name": "11",
        "is_active": true,
        "is_superuser": false,
        "is_staff": false,
        "last_login": null,
        "groups": [
            12
        ],
        "user_permissions": [],
        "password": "pbkdf2_sha256$20000$CBtyIcU0zlgE$UZ7PJ0MnfNe+A69Q6BqHaw+tnBszSAdGwwL1kpoxcw0=",
        "email": "testuser11@mailinator.com",
        "date_joined": "2015-06-16T21:53:10.287Z"
    },
    "model": "auth.user",
    "pk": 12
},
{
    "fields": {
        "username": "testuser12",
        "first_name": "Test",
        "last_name": "12",
        "is_active": true,
        "is_superuser": false,
        "is_staff": false,
        "last_login": null,
        "groups": [
            13
        ],
        "user_permissions": [],
        "password": "pbkdf2_sha256$20000$BbxoV07RJjLn$xDGEkML2oErd9FKCXrYeBtDc1Vunfm8wkQRpD3beeM4=",
        "email": "testuser12@mailinator.com",
        "date_joined": "2015-06-16T21:53:10.320Z"
    },
    "model": "auth.user",
    "pk": 13
},
{
    "fields": {
        "username": "testuser13",
        "first_name": "Test",
        "last_name": "13",
        "is_active": true,
        "is_superuser": false,
        "is_staff": false,
        "last_login": null,
        "groups": [
            14
        ],
        "user_permissions": [],
        "password": "pbkdf2_sha256$20000$OOJZ5WlzOFgh$C6jS1LPWPQB3JK8s3XPupNiD78vAqZXk7EIYMcauYO8=",
        "email": "testuser13@mailinator.com",
        "date_joined": "2015-06-16T21:53:10.354Z"
    },
    "model": "auth.user",
    "pk": 14
},
{
    "fields": {
        "username": "testuser14",
        "first_name": "Test",
        "last_name": "14",
        "is_active": true,
        "is_superuser": false,
        "is_staff": false,
        "last_login": null,
        "groups": [
            15
        ],
        "user_permissions": [],
        "password": "pbkdf2_sha256$20000$ILtDXwrN1dVI$4iNVp//A5Qi8m2tFUYmP81WBFb66NxCikI2EYIO0wKU=",
        "email": "testuser14@mailinator.com",
        "date_joined": "2015-06-16T21:53:10.379Z"
    },
    "model": "auth.user",
    "pk": 15
},
{
    "fields": {
        "published_on": null,
        "group": 1,
        "name": "Test Project 0",
        "creator": 1,
        "deleted_on": null,
        "published_by": null,
        "last_modified": "2015-06-16T21:53:30.437Z",
        "full_name": "",
        "date_created": "2015-06-16T21:53:30.265Z",
        "deleted_by": null,
        "slug": "test-project-0",
        "description": ""
    },
    "model": "core.project",
    "pk": 1
},
{
    "fields": {
        "published_on": null,
        "group": 2,
        "name": "Test Project 1",
        "creator": 2,
        "deleted_on": null,
        "published_by": null,
        "last_modified": "2015-06-16T21:53:30.578Z",
        "full_name": "",
        "date_created": "2015-06-16T21:53:30.497Z",
        "deleted_by": null,
        "slug": "test-project-1",
        "description": ""
    },
    "model": "core.project",
    "pk": 2
},
{
    "fields": {
        "published_on": null,
        "group": 3,
        "name": "Test Project 2",
        "creator": 3,
        "deleted_on": null,
        "published_by": null,
        "last_modified": "2015-06-16T21:53:30.612Z",
        "full_name": "",
        "date_created": "2015-06-16T21:53:30.588Z",
        "deleted_by": null,
        "slug": "test-project-2",
        "description": ""
    },
    "model": "core.project",
    "pk": 3
},
{
    "fields": {
        "published_on": null,
        "group": 4,
        "name": "Test Project 3",
        "creator": 4,
        "deleted_on": null,
        "published_by": null,
        "last_modified": "2015-06-16T21:53:30.645Z",
        "full_name": "",
        "date_created": "2015-06-16T21:53:30.622Z",
        "deleted_by": null,
        "slug": "test-project-3",
        "description": ""
    },
    "model": "core.project",
    "pk": 4
},
{
    "fields": {
        "published_on": null,
        "group": 5,
        "name": "Test Project 4",
        "creator": 5,
        "deleted_on": null,
        "published_by": null,
        "last_modified": "2015-06-16T21:53:30.678Z",
        "full_name": "",
        "date_created": "2015-06-16T21:53:30.655Z",
        "deleted_by": null,
        "slug": "test-project-4",
        "description": ""
    },
    "model": "core.project",
    "pk": 5
},
{
    "fields": {
        "published_on": null,
        "group": 6,
        "name": "Test Project 5",
        "creator": 6,
        "deleted_on": null,
        "published_by": null,
        "last_modified": "2015-06-16T21:53:30.712Z",
        "full_name": "",
        "date_created": "2015-06-16T21:53:30.689Z",
        "deleted_by": null,
        "slug": "test-project-5",
        "description": ""
    },
    "model": "core.project",
    "pk": 6
},
{
    "fields": {
        "published_on": null,
        "group": 7,
        "name": "Test Project 6",
        "creator": 7,
        "deleted_on": null,
        "published_by": null,
        "last_modified": "2015-06-16T21:53:30.745Z",
        "full_name": "",
        "date_created": "2015-06-16T21:53:30.722Z",
        "deleted_by": null,
        "slug": "test-project-6",
        "description": ""
    },
    "model": "core.project",
    "pk": 7
},
{
    "fields": {
        "published_on": null,
        "group": 8,
        "name": "Test Project 7",
        "creator": 8,
        "deleted_on": null,
        "published_by": null,
        "last_modified": "2015-06-16T21:53:30.778Z",
        "full_name": "",
        "date_created": "2015-06-16T21:53:30.755Z",
        "deleted_by": null,
        "slug": "test-project-7",
        "description": ""
    },
    "model": "core.project",
    "pk": 8
},
{
    "fields": {
        "published_on": null,
        "group": 9,
        "name": "Test Project 8",
        "creator": 9,
        "deleted_on": null,
        "published_by": null,
        "last_modified": "2015-06-16T21:53:30.812Z",
        "full_name": "",
        "date_created": "2015-06-16T21:53:30.789Z",
        "deleted_by": null,
        "slug": "test-project-8",
        "description": ""
    },
    "model": "core.project",
    "pk": 9
},
{
    "fields": {
        "published_on": null,
        "group": 10,
        "name": "Test Project 9",
        "creator": 10,
        "deleted_on": null,
        "published_by": null,
        "last_modified": "2015-06-16T21:53:30.845Z",
        "full_name": "",
        "date_created": "2015-06-16T21:53:30.822Z",
        "deleted_by": null,
        "slug": "test-project-9",
        "description": ""
    },
    "model": "core.project",
    "pk": 10
},
{
    "fields": {
        "published_on": null,
        "group": 11,
        "name": "Test Project 10",
        "creator": 11,
        "deleted_on": null,
        "published_by": null,
        "last_modified": "2015-06-16T21:53:30.879Z",
        "full_name": "",
        "date_created": "2015-06-16T21:53:30.855Z",
        "deleted_by": null,
        "slug": "test-project-10",
        "description": ""
    },
    "model": "core.project",
    "pk": 11
},
{
    "fields": {
        "published_on": null,
        "group": 12,
        "name": "Test Project 11",
        "creator": 12,
        "deleted_on": null,
        "published_by": null,
        "last_modified": "2015-06-16T21:53:30.912Z",
        "full_name": "",
        "date_created": "2015-06-16T21:53:30.889Z",
        "deleted_by": null,
        "slug": "test-project-11",
        "description": ""
    },
    "model": "core.project",
    "pk": 12
},
{
    "fields": {
        "published_on": null,
        "group": 13,
        "name": "Test Project 12",
        "creator": 13,
        "deleted_on": null,
        "published_by": null,
        "last_modified": "2015-06-16T21:53:30.945Z",
        "full_name": "",
        "date_created": "2015-06-16T21:53:30.922Z",
        "deleted_by": null,
        "slug": "test-project-12",
        "description": ""
    },
    "model": "core.project",
    "pk": 13
},
{
    "fields": {
        "published_on": null,
        "group": 14,
        "name": "Test Project 13",
        "creator": 14,
        "deleted_on": null,
        "published_by": null,
        "last_modified": "2015-06-16T21:53:30.978Z",
        "full_name": "",
        "date_created": "2015-06-16T21:53:30.956Z",
        "deleted_by": null,
        "slug": "test-project-13",
        "description": ""
    },
    "model": "core.project",
    "pk": 14
},
{
    "fields": {
        "published_on": null,
        "group": 15,
        "name": "Test Project 14",
        "creator": 15,
        "deleted_on": null,
        "published_by": null,
        "last_modified": "2015-06-16T21:53:31.012Z",
        "full_name": "",
        "date_created": "2015-06-16T21:53:30.988Z",
        "deleted_by": null,
        "slug": "test-project-14",
        "description": ""
    },
    "model": "core.project",
    "pk": 15
}
]
